journal,lower_quartile,median,upper_quartile,count
20 century British history,10,10,10,1
AANA journal,8,9,13,19
AAOHN journal : official journal of the American Association of Occupational Health Nurses,7,11,13,22
AIDS alert,7,8,9,14
AIDS clinical care,6,7,14,3
AIDS education and prevention : official publication of the International Society for AIDS Education,13,15,18,27
AIDS policy & law,6,7,8,35
AIDS research and human retroviruses,12,14,18,105
AIDS reviews,10,10,10,1
AIDS treatment news,6,7,10,15
AJR. American journal of roentgenology,10,12,14,303
"APMIS : acta pathologica, microbiologica, et immunologica Scandinavica",11,14,17,60
Academic medicine : journal of the Association of American Medical Colleges,7,10,13,92
Acta Universitatis Carolinae. Medica. Monographia,9,9,12,2
Acta anaesthesiologica Belgica,9,11,14,19
Acta anaesthesiologica Scandinavica,11,14,16,139
Acta bio-medica : Atenei Parmensis,8,10,11,5
Acta biologica Hungarica,6,10,14,26
Acta biotheoretica,4,6,11,9
Acta cardiologica,11,13,15,28
Acta chirurgiae orthopaedicae et traumatologiae Cechoslovaca,8,9,10,16
Acta chirurgiae plasticae,6,11,12,21
Acta chirurgica Belgica,8,10,13,50
Acta chirurgica Iugoslavica,5,8,11,26
Acta clinica Belgica,9,10,13,12
Acta clinica Croatica,6,6,11,8
"Acta crystallographica. Section C, Crystal structure communications",4,6,8,43
"Acta crystallographica. Section F, Structural biology and crystallization communications",5,7,9,68
Acta cytologica,8,11,13,109
Acta gastro-enterologica Belgica,8,11,17,11
Acta haematologica,11,13,16,62
Acta leprologica,7,10,12,7
Acta medica Okayama,9,12,14,33
Acta microbiologica Polonica,7,7,8,16
Acta microbiologica et immunologica Hungarica,6,9,12,9
Acta myologica : myopathies and cardiomyopathies : official journal of the Mediterranean Society of Myology / edited by the Gaetano Conte Academy for the study of striated muscle diseases,9,9,9,4
Acta neurochirurgica. Supplement,10,13,16,43
Acta neurologica Belgica,9,12,14,21
Acta neurologica Taiwanica,8,10,11,8
Acta obstetricia et gynecologica Scandinavica,11,13,15,119
"Acta oncologica (Stockholm, Sweden)",10,13,16,58
Acta ophthalmologica,11,13,16,73
Acta ophthalmologica Scandinavica,11,14,16,29
Acta orthopaedica,12,15,16,24
Acta orthopaedica Belgica,7,10,13,59
Acta orthopaedica. Supplementum,23,23,23,1
Acta oto-laryngologica. Supplementum,10,12,14,57
Acta paediatrica Taiwanica = Taiwan er ke yi xue hui za zhi,7,9,12,14
Acta pharmaceutica Hungarica,4,5,10,10
Acta physiologica Hungarica,10,13,15,25
Acta poloniae pharmaceutica,6,9,13,39
"Acta radiologica (Stockholm, Sweden : 1987)",10,12,16,78
Acta veterinaria Scandinavica,8,10,13,29
Acupuncture & electro-therapeutics research,8,11,12,9
Adapted physical activity quarterly : APAQ,14,14,14,2
Adolescence,10,12,15,45
Adolescent medicine: state of the art reviews,6,6,6,1
Advance data,4,14,20,3
Advanced healthcare materials,8,9,11,8
Advances in cardiology,8,11,14,3
Advances in child development and behavior,14,14,14,1
Advances in chronic kidney disease,11,11,15,4
Advances in clinical and experimental medicine : official organ Wroclaw Medical University,12,13,14,9
Advances in colloid and interface science,7,8,11,6
Advances in experimental medicine and biology,10,12,14,142
Advances in health care management,14,14,14,1
Advances in health economics and health services research,10,15,16,3
Advances in medical sciences,10,11,13,10
Advances in peritoneal dialysis. Conference on Peritoneal Dialysis,10,12,14,33
Advances in surgery,8,8,8,1
African journal of medicine and medical sciences,11,14,18,41
African journal of reproductive health,11,13,15,19
Aging clinical and experimental research,12,12,13,12
Agricultural and biological chemistry,10,14,17,7
Alaska medicine,9,14,15,5
Alternative medicine review : a journal of clinical therapeutic,9,10,12,3
Alternative therapies in health and medicine,15,17,18,6
Alternatives to laboratory animals : ATLA,6,7,12,16
Ambio,7,9,10,25
Ambix,7,7,7,1
Ambulatory pediatrics : the official journal of the Ambulatory Pediatric Association,8,19,22,7
American annals of the deaf,8,9,12,18
American family physician,6,8,12,38
American heart journal,12,14,16,214
American journal of clinical oncology,12,14,17,68
American journal of clinical pathology,8,11,14,181
American journal of dentistry,10,12,16,38
American journal of disaster medicine,9,10,14,8
American journal of electroneurodiagnostic technology,5,5,8,4
American journal of epidemiology,12,15,17,172
American journal of hematology,10,13,16,114
American journal of hospital pharmacy,6,9,11,43
American journal of human genetics,11,14,18,172
American journal of infection control,9,12,16,62
American journal of kidney diseases : the official journal of the National Kidney Foundation,11,14,17,115
American journal of law & medicine,6,7,13,3
"American journal of medical genetics. Part C, Seminars in medical genetics",6,6,11,4
American journal of medical quality : the official journal of the American College of Medical Quality,9,13,14,17
American journal of obstetrics and gynecology,11,13,16,415
American journal of ophthalmology,10,13,17,256
"American journal of orthodontics and dentofacial orthopedics : official publication of the American Association of Orthodontists, its constituent societies, and the American Board of Orthodontics",12,15,18,96
American journal of physical medicine & rehabilitation / Association of Academic Physiatrists,11,13,15,33
American journal of physiology. Cell physiology,13,17,22,91
American journal of physiology. Endocrinology and metabolism,14,17,21,87
American journal of physiology. Gastrointestinal and liver physiology,12,16,21,92
American journal of physiology. Heart and circulatory physiology,14,17,21,186
American journal of physiology. Lung cellular and molecular physiology,14,16,18,65
"American journal of physiology. Regulatory, integrative and comparative physiology",14,16,20,97
American journal of physiology. Renal physiology,15,16,21,73
American journal of psychotherapy,7,11,12,29
American journal of public health,11,13,17,216
American journal of respiratory and critical care medicine,13,15,20,166
American journal of respiratory cell and molecular biology,12,16,19,93
American journal of rhinology,12,14,18,27
American journal of surgery,10,13,15,232
American journal on intellectual and developmental disabilities,15,15,18,4
Anaesthesia,10,12,15,143
Anaesthesia and intensive care,9,11,16,65
Anales de la Real Academia Nacional de Medicina,3,5,9,14
Analytical and quantitative cytology and histology / the International Academy of Cytology [and] American Society of Cytology,7,10,13,42
Anatomical sciences education,8,10,15,5
Anesteziologiia i reanimatologiia,9,11,14,53
Anesthesia and analgesia,11,13,17,251
Anesthesia progress,9,14,19,14
Anesthesiology,10,13,16,180
Angiology,9,12,17,102
Animal genetics,9,11,13,49
Annales Academiae Medicae Stetinensis,12,12,15,14
Annales d'urologie,9,11,12,24
Annales de biologie clinique,8,11,13,41
Annali di chimica,6,8,9,13
Annali italiani di chirurgia,8,10,14,29
Annals of African medicine,9,17,21,11
"Annals of allergy, asthma & immunology : official publication of the American College of Allergy, Asthma, & Immunology",12,14,16,56
Annals of clinical microbiology and antimicrobials,11,14,18,9
Annals of emergency medicine,9,11,15,108
Annals of epidemiology,11,15,18,49
"Annals of health law / Loyola University Chicago, School of Law, Institute for Health Law",10,10,10,4
Annals of hematology,11,14,17,54
Annals of human genetics,9,12,15,37
Annals of internal medicine,10,13,17,145
Annals of neurology,11,12,16,171
"Annals of ophthalmology (Skokie, Ill.)",16,16,16,2
Annals of science,3,3,3,1
Annals of surgery,10,14,17,172
Annals of the New York Academy of Sciences,9,12,14,244
Annals of the Royal Australasian College of Dental Surgeons,9,12,15,3
Annals of the Royal College of Surgeons of England,8,11,14,74
Annals of the rheumatic diseases,10,13,17,166
Annual review of biophysics,7,7,7,1
Annual review of immunology,13,13,16,2
Annual review of public health,4,14,18,3
Anticancer research,11,14,16,336
Antiviral research,11,13,16,66
Applied and environmental microbiology,8,11,14,478
Applied parasitology,11,11,12,4
Applied spectroscopy,6,9,12,31
"Archaea (Vancouver, B.C.)",10,13,13,5
Architectural record,7,7,7,1
Archives de l'Institut Pasteur de Tunis,8,10,12,8
Archives des maladies du coeur et des vaisseaux,9,11,14,151
Archives italiennes de biologie,9,10,13,15
Archives of andrology,9,10,13,35
Archives of animal nutrition,12,13,16,16
Archives of biochemistry and biophysics,10,13,16,269
Archives of dermatology,8,10,14,108
Archives of disease in childhood,11,13,15,176
Archives of disease in childhood. Fetal and neonatal edition,10,12,15,29
Archives of environmental & occupational health,12,12,13,6
Archives of general psychiatry,13,15,17,100
Archives of insect biochemistry and physiology,8,12,14,22
Archives of internal medicine,10,12,15,222
Archives of neurology,10,12,15,145
Archives of ophthalmology,10,13,16,170
Archives of osteoporosis,17,17,17,1
Archives of otolaryngology--head & neck surgery,12,14,17,103
Archives of pathology,11,15,16,3
Archives of pathology & laboratory medicine,8,10,13,124
Archives of pediatrics & adolescent medicine,11,13,16,55
Archives of physical medicine and rehabilitation,10,12,15,190
"Archives of surgery (Chicago, Ill. : 1960)",10,13,15,178
Archives of virology,9,12,15,142
Archives of virology. Supplementum,6,9,12,5
Arkhiv patologii,8,10,12,82
"Arteriosclerosis, thrombosis, and vascular biology",14,18,22,137
Arthritis and rheumatism,11,14,16,247
Arthritis care & research,13,13,19,25
Arzneimittel-Forschung,10,12,15,216
Asian Pacific journal of allergy and immunology / launched by the Allergy and Immunology Society of Thailand,10,13,16,22
Asian journal of psychiatry,14,14,15,4
Assistenza infermieristica e ricerca : AIR,8,13,16,9
Assistive technology : the official journal of RESNA,10,10,11,4
Audiology & neuro-otology,10,12,14,11
Australasian physical & engineering sciences in medicine / supported by the Australasian College of Physical Scientists in Medicine and the Australasian Association of Physical Sciences in Medicine,7,7,8,8
Australian and New Zealand journal of public health,11,13,15,26
Australian journal of primary health,13,13,16,2
Australian nursing journal (July 1993),6,9,12,3
Australian orthodontic journal,14,14,20,4
Australian veterinary journal,9,11,14,61
Aviakosmicheskaia i ekologicheskaia meditsina = Aerospace and environmental medicine,7,8,10,18
Avian diseases,9,11,13,102
"Aviation, space, and environmental medicine",9,11,13,141
B-ENT,8,10,12,6
BJOG : an international journal of obstetrics and gynaecology,11,13,16,59
BJU international,11,13,15,142
BMC biochemistry,8,15,20,3
BMC bioinformatics,7,8,11,158
BMC biology,8,9,14,6
BMC biotechnology,10,12,13,20
BMC cell biology,12,14,17,17
BMC complementary and alternative medicine,13,15,17,25
BMC dermatology,12,12,17,4
BMC developmental biology,8,9,16,6
BMC ecology,9,11,14,7
BMC emergency medicine,16,16,18,4
BMC evolutionary biology,8,10,12,65
BMC gastroenterology,12,15,18,20
BMC genetics,9,10,13,24
BMC genomics,9,12,16,133
BMC infectious diseases,12,14,17,64
BMC medical ethics,7,7,14,4
BMC medical genetics,13,16,19,24
BMC medical genomics,9,13,13,7
BMC medical imaging,13,15,16,6
BMC medicine,12,12,14,12
BMC microbiology,10,11,15,48
BMC molecular biology,11,14,18,18
BMC neurology,10,13,15,23
BMC neuroscience,10,14,18,21
BMC ophthalmology,10,11,17,8
BMC oral health,16,20,25,10
BMC pharmacology,9,15,19,5
BMC physiology,12,12,15,6
BMC plant biology,9,11,16,29
BMC pregnancy and childbirth,13,15,17,21
BMC pulmonary medicine,16,17,19,14
BMC structural biology,8,10,12,12
BMC systems biology,7,8,10,32
BMC veterinary research,9,12,14,27
BMC women's health,12,16,19,10
BMJ (Clinical research ed.),11,14,16,127
"Bacteriologia, virusologia, parazitologia, epidemiologia (Bucharest, Romania : 1990)",7,7,8,2
Bangladesh Medical Research Council bulletin,8,10,14,14
Behavior research methods,6,6,11,21
Benefits quarterly,7,8,10,6
Berichte zur Wissenschaftsgeschichte,8,8,9,2
Best practice & research. Clinical anaesthesiology,10,10,10,1
"Bing du xue bao = Chinese journal of virology / [bian ji, Bing du xue bao bian ji wei yuan hui]",10,12,16,15
Biochemia medica,6,6,12,2
Biochemical and biophysical research communications,11,13,16,1278
Biochemical pharmacology,11,14,16,323
Biochemistry,10,13,16,1135
Biochimica et biophysica acta,10,12,15,1245
Biocontrol science,8,8,9,8
Biofizika,5,7,9,87
Biologie aujourd'hui,1,1,1,1
Biology of the cell / under the auspices of the European Cell Biology Organization,11,12,14,25
Biomedical and environmental sciences : BES,10,13,15,36
Biomedical engineering online,10,11,14,14
Biomedical instrumentation & technology / Association for the Advancement of Medical Instrumentation,11,11,13,8
"Biomedical materials (Bristol, England)",15,16,18,12
Biomolecular NMR assignments,9,9,10,8
Bioorganicheskaia khimiia,6,8,12,58
Biophysical journal,9,11,14,394
Biophysics of structure and mechanism,8,8,8,4
Biopolymers,7,9,12,94
Biotechnology and bioengineering,9,11,13,113
Blood,13,16,19,712
Brain : a journal of neurology,13,15,18,113
Breastfeeding review : professional publication of the Nursing Mothers' Association of Australia,19,19,19,1
British journal for the history of science,7,7,9,4
British journal of anaesthesia,10,13,15,181
British journal of cancer,12,14,17,339
British journal of community nursing,8,9,11,26
British journal of haematology,10,13,16,256
British journal of nursing (Mark Allen Publishing),6,9,12,65
Bulletin du cancer,9,13,15,53
Bulletin of anesthesia history,11,11,11,1
Bulletin of environmental contamination and toxicology,7,9,11,57
Bulletin of the history of medicine,8,8,10,5
Bulletin on narcotics,7,9,11,11
CA: a cancer journal for clinicians,6,6,9,4
CANNT journal = Journal ACITN,22,22,22,1
CDS review,11,11,11,1
CMAJ : Canadian Medical Association journal = journal de l'Association medicale canadienne,9,13,16,51
CNS spectrums,11,11,15,6
Canadian Association of Radiologists journal = Journal l'Association canadienne des radiologistes,8,9,10,16
Canadian journal of cardiovascular nursing = Journal canadien en soins infirmiers cardio-vasculaires,17,19,20,3
Canadian journal of gastroenterology = Journal canadien de gastroenterologie,9,12,15,27
Canadian journal of neuroscience nursing,23,23,23,1
Canadian journal of ophthalmology. Journal canadien d'ophtalmologie,10,12,14,41
Canadian journal of surgery. Journal canadien de chirurgie,10,12,14,56
Canadian oncology nursing journal = Revue canadienne de nursing oncologique,5,5,8,4
Canadian operating room nursing journal,6,6,8,5
Cancer,10,13,17,582
Cancer cell,12,17,20,34
Cancer chemotherapy and pharmacology,12,14,18,149
Cancer cytopathology,6,11,14,7
Cancer detection and prevention,9,12,16,35
Cancer genetics,11,15,21,6
Cancer genetics and cytogenetics,9,11,15,112
Cancer immunity,15,15,20,4
"Cancer immunology, immunotherapy : CII",13,16,20,80
Cancer investigation,12,15,18,43
Cancer letters,11,14,16,223
Cancer research,12,14,17,866
Cancer science,13,15,18,59
Cancer treatment reviews,12,12,12,4
Carcinogenesis,11,14,17,243
Cardiovascular ultrasound,10,12,14,10
Care management journals : Journal of case management ; The journal of long term home health care,9,12,17,3
Caring : National Association for Home Care magazine,6,8,10,29
Cell,11,14,18,285
Cell host & microbe,9,12,17,10
Cell proliferation,12,13,15,15
Cell structure and function,11,13,18,23
Cellular and molecular life sciences : CMLS,12,14,18,35
Cellular immunology,12,14,17,123
Cellular oncology : the official journal of the International Society for Cellular Oncology,10,10,17,2
Central European journal of public health,9,12,16,23
Chang Gung medical journal,8,11,13,27
"Chemical record (New York, N.Y.)",6,6,9,2
Chemico-biological interactions,10,14,16,102
"Chemistry (Weinheim an der Bergstrasse, Germany)",7,8,10,130
Chemosphere,7,9,12,277
Chest,9,13,16,386
Child welfare,10,12,14,22
Chimia,6,8,8,5
"Chirurgia (Bucharest, Romania : 1990)",9,14,16,38
Chirurgia italiana,7,8,10,46
Circulation,11,14,18,432
Circulation research,12,15,19,185
Circulation. Arrhythmia and electrophysiology,16,17,21,14
Circulation. Cardiovascular imaging,17,21,24,13
Circulation. Heart failure,17,18,20,12
Clinical & experimental metastasis,11,14,16,40
Clinical & experimental ophthalmology,12,15,17,29
Clinical advances in hematology & oncology : H&O,19,19,19,1
Clinical and experimental immunology,12,14,17,259
Clinical and experimental obstetrics & gynecology,10,11,12,52
Clinical and experimental rheumatology,12,14,17,84
Clinical breast cancer,9,12,15,12
Clinical chemistry,8,10,14,224
Clinical gastroenterology and hepatology : the official clinical practice journal of the American Gastroenterological Association,11,14,17,32
"Clinical immunology (Orlando, Fla.)",13,16,19,45
Clinical infectious diseases : an official publication of the Infectious Diseases Society of America,10,13,16,174
Clinical laboratory,8,10,13,26
Clinical laboratory science : journal of the American Society for Medical Technology,5,8,11,14
"Clinical medicine (London, England)",6,7,9,13
Clinical microbiology reviews,4,4,4,1
Clinical nephrology,10,13,16,121
Clinical neuropathology,10,12,15,24
Clinical neurophysiology : official journal of the International Federation of Clinical Neurophysiology,11,14,16,106
Clinical neurosurgery,7,8,11,3
Clinical nurse specialist CNS,7,8,13,17
Clinical orthopaedics and related research,9,12,14,329
Clinical pharmacology and therapeutics,11,14,15,128
"Clinical physiology (Oxford, England)",9,11,14,22
Clinical radiology,9,13,15,86
"Clinical science (London, England : 1979)",11,13,15,112
"Clinical toxicology (Philadelphia, Pa.)",12,13,17,26
Clinical transplants,11,14,19,17
Cognitive neuropsychology,10,11,12,5
"Cognitive, affective & behavioral neuroscience",13,15,18,6
"Collegian (Royal College of Nursing, Australia)",11,11,13,8
Collegium antropologicum,9,11,13,78
Communicable diseases intelligence,6,6,18,2
Communication & medicine,10,10,12,2
Communications in agricultural and applied biological sciences,6,8,10,25
Community dental health,11,15,20,19
Community genetics,9,12,14,3
Community practitioner : the journal of the Community Practitioners' & Health Visitors' Association,11,11,12,4
"Comparative biochemistry and physiology. B, Comparative biochemistry",9,11,13,65
Comparative biochemistry and physiology. Biochemistry and molecular biology,12,12,12,1
Comparative medicine,9,12,17,11
"Compendium of continuing education in dentistry (Jamesburg, N.J. : 1995)",8,12,17,21
Comprehensive therapy,6,7,15,3
Computational systems bioinformatics / Life Sciences Society. Computational Systems Bioinformatics Conference,14,14,14,1
Congenital heart disease,12,14,20,12
Connecticut medicine,8,10,16,16
Contemporary nurse,5,7,12,21
Contemporary topics in laboratory animal science / American Association for Laboratory Animal Science,9,12,18,7
"Continuum (Minneapolis, Minn.)",5,5,5,1
Cornea,10,12,16,104
Cranio : the journal of craniomandibular practice,12,14,17,20
Creative nursing,7,8,11,3
Critical care and resuscitation : journal of the Australasian Academy of Critical Care Medicine,10,13,16,10
Critical care medicine,10,13,16,204
Critical reviews in biomedical engineering,5,11,14,3
Critical reviews in eukaryotic gene expression,8,8,8,1
Cryo letters,8,9,11,12
Curationis,9,10,14,14
Current HIV research,14,15,17,6
Current drug abuse reviews,16,16,16,1
Current eye research,10,14,17,90
Current microbiology,8,10,13,78
Current neurology and neuroscience reports,12,12,12,1
Current opinion in cell biology,10,10,10,1
Current opinion in chemical biology,3,3,8,2
Current opinion in drug discovery & development,9,9,9,1
"Current protocols in bioinformatics / editoral board, Andreas D. Baxevanis ... [et al.]",8,8,10,4
"Current protocols in cell biology / editorial board, Juan S. Bonifacino ... [et al.]",7,11,13,7
"Current protocols in cytometry / editorial board, J. Paul Robinson, managing editor ... [et al.]",7,10,11,5
"Current protocols in human genetics / editorial board, Jonathan L. Haines ... [et al.]",8,8,10,2
Current protocols in immunology / edited by John E. Coligan ... [et al.],8,11,17,11
Current protocols in microbiology,5,7,9,8
Current protocols in molecular biology / edited by Frederick M. Ausubel ... [et al.],6,7,9,14
"Current protocols in neuroscience / editorial board, Jacqueline N. Crawley ... [et al.]",7,8,8,6
Current protocols in nucleic acid chemistry / edited by Serge L. Beaucage ... [et al.],6,7,8,5
"Current protocols in protein science / editorial board, John E. Coligan ... [et al.]",6,9,10,9
Current protocols in stem cell biology,11,14,18,3
Current rheumatology reports,9,9,9,1
Current topics in microbiology and immunology,7,7,13,4
Cutis,7,9,11,70
Cytogenetic and genome research,10,12,17,27
Cytogenetics and cell genetics,9,11,15,66
DNA and cell biology,14,17,19,47
Delaware medical journal,7,12,13,3
Dental update,8,9,15,30
Dentistry today,7,7,7,1
Dermatologic surgery : official publication for American Society for Dermatologic Surgery [et al.],8,11,14,64
Dermatology nursing / Dermatology Nurses' Association,7,11,16,7
Deutsche medizinische Wochenschrift (1946),10,13,16,153
"Development (Cambridge, England)",12,15,18,274
Developmental biology,11,13,16,232
Developmental cell,12,14,18,47
Developmental medicine and child neurology,10,13,15,87
Developmental neuroscience,10,13,16,26
Developments in biologicals,8,9,15,6
Diabetes,13,15,19,267
"Diagnostic molecular pathology : the American journal of surgical pathology, part B",9,11,17,20
Dialogues in clinical neuroscience,8,8,15,2
Die Pharmazie,8,11,15,109
Digestive diseases and sciences,11,14,16,236
Disaster management & response : DMR : an official publication of the Emergency Nurses Association,17,17,17,1
Disease management advisor,8,9,11,10
Diseases of aquatic organisms,8,10,14,44
Diseases of the colon and rectum,10,13,16,160
"Doklady biological sciences : proceedings of the Academy of Sciences of the USSR, Biological sciences sections / translated from Russian",5,5,5,1
"Down's syndrome, research and practice : the journal of the Sarah Duffen Centre / University of Portsmouth",10,10,10,4
Drug metabolism letters,8,9,14,6
"Drugs of today (Barcelona, Spain : 1998)",7,10,10,3
"Dynamics (Pembroke, Ont.)",8,8,13,4
"Dynamis (Granada, Spain)",7,7,8,3
EBRI issue brief / Employee Benefit Research Institute,13,14,20,3
ED management : the monthly update on emergency department management,7,8,9,16
EXS,14,14,14,5
Early science and medicine,5,7,8,3
East African journal of public health,17,18,21,3
East African medical journal,11,13,16,72
Ecological applications : a publication of the Ecological Society of America,7,8,10,45
Ecology,6,8,11,57
Eksperimental'naia i klinicheskaia farmakologiia,11,12,14,54
Electromyography and clinical neurophysiology,11,13,15,22
Emergency medicine clinics of North America,7,7,12,5
Emergency nurse : the journal of the RCN Accident and Emergency Nursing Association,9,9,10,4
Endocrinology,12,15,18,513
Endothelium : journal of endothelial cell research,13,14,17,6
Environmental and molecular mutagenesis,12,14,16,32
Environmental health : a global access science source,11,12,16,12
Environmental research,10,12,15,70
Environmental science & technology,7,9,12,374
Environmental science and pollution research international,8,10,13,58
Environmental technology,7,8,11,58
Environmental toxicology and chemistry / SETAC,7,10,12,95
Epidemiologia e psichiatria sociale,8,10,13,9
Epidemiology and infection,12,15,19,102
Epidemiology and psychiatric sciences,14,16,16,3
Epilepsia,11,14,18,172
Epileptic disorders : international epilepsy journal with videotape,10,12,15,24
Equine veterinary journal,9,11,16,56
Ernst Schering Foundation symposium proceedings,10,10,10,1
Ethiopian medical journal,9,12,17,22
Ethnicity & disease,13,15,19,29
European annals of allergy and clinical immunology,5,5,17,4
European journal of dermatology : EJD,9,12,15,33
European journal of drug metabolism and pharmacokinetics,8,10,12,29
European journal of endocrinology / European Federation of Endocrine Societies,12,15,18,97
European journal of gynaecological oncology,8,12,16,64
European journal of haematology,12,15,20,47
European journal of health law,6,6,7,4
European journal of immunology,12,14,17,294
European journal of ophthalmology,12,15,17,63
European journal of oral implantology,13,13,27,2
European journal of paediatric dentistry : official journal of European Academy of Paediatric Dentistry,12,17,18,14
European journal of protistology,5,6,8,7
European journal of surgical oncology : the journal of the European Society of Surgical Oncology and the British Association of Surgical Oncology,11,15,17,89
European journal of vascular and endovascular surgery : the official journal of the European Society for Vascular Surgery,12,16,19,71
European review for medical and pharmacological sciences,8,11,13,39
Evidence-based dentistry,4,4,4,1
Evidence-based medicine,5,5,5,1
Evolution & development,8,9,12,22
Exercise immunology review,17,17,17,1
Experimental and molecular pathology,11,13,16,38
"Experimental biology and medicine (Maywood, N.J.)",11,14,15,23
Experimental cell research,11,15,19,232
Experimental eye research,11,13,16,121
Experimental hematology,12,14,18,123
Experimental neurology,11,15,19,161
Experimental parasitology,11,14,18,94
Expert review of vaccines,8,8,11,2
Expert reviews in molecular medicine,9,9,9,1
FASEB journal : official publication of the Federation of American Societies for Experimental Biology,13,15,19,145
FEBS letters,10,12,15,674
FEMS microbiology ecology,10,12,14,42
FEMS microbiology letters,8,10,13,211
"Families, systems & health : the journal of collaborative family healthcare",6,16,18,3
Faraday discussions,4,7,11,17
Female pelvic medicine & reconstructive surgery,10,10,12,4
Fertility and sterility,10,12,15,375
Fiziologiia cheloveka,8,9,11,7
Fogorvosi szemle,8,10,12,17
Folia biologica,8,10,14,46
Folia medica,9,11,13,23
Folia medica Cracoviensia,11,11,13,8
Folia parasitologica,7,8,10,24
Food and nutrition bulletin,14,18,19,17
Food microbiology,8,11,14,25
Fortune,4,4,5,2
Frontiers in bioscience : a journal and virtual library,12,12,18,12
Frontiers of health services management,7,7,7,4
Frontiers of neurology and neuroscience,7,8,9,3
Fukuoka igaku zasshi = Hukuoka acta medica,7,8,10,13
Fukushima journal of medical science,8,8,9,4
Functional neurology,8,12,15,13
Fungal genetics and biology : FG & B,9,10,14,33
Future microbiology,9,10,16,6
GMHC treatment issues : the Gay Men's Health Crisis newsletter of experimental AIDS therapies,7,7,10,6
Gan to kagaku ryoho. Cancer & chemotherapy,10,12,15,285
Gastroenterology,11,14,18,298
Gene,10,13,17,359
Gene expression,13,14,21,7
Genes & development,12,15,20,118
"Genetic counseling (Geneva, Switzerland)",10,12,14,14
Genetic testing,13,16,17,9
"Genetic, social, and general psychology monographs",8,10,10,5
Genetika,7,8,11,129
Genome informatics. International Conference on Genome Informatics,5,8,9,7
Genomics,12,14,17,169
Geobiology,10,11,12,9
Geriatrics,7,8,11,12
Gesnerus,7,8,8,8
Gewina,6,8,9,3
Gigiena i sanitariia,8,10,12,60
Ginekologia polska,9,13,14,67
Giornale italiano di cardiologia (2006),6,8,11,6
Giornale italiano di medicina del lavoro ed ergonomia,5,7,11,33
Glas. Srpska akademija nauka i umetnosti. Odeljenje medicinskih nauka,9,9,9,1
Global journal of health science,13,15,16,6
"Growth, development, and aging : GDA",8,8,9,4
Gut,11,13,16,215
Gynecologic oncology,11,13,15,207
HIV clinical trials,10,15,20,7
HIV/AIDS policy & law review / Canadian HIV/AIDS Legal Network,4,6,8,7
Harefuah,7,9,12,83
Harvard business review,6,9,10,21
Hawaii medical journal,8,10,17,23
Health & social work,9,13,15,18
Health and history,8,8,11,2
Health and human rights,13,13,13,1
Health care financing review,11,12,14,18
Health care for women international,12,14,17,28
Health care management science,7,11,12,7
Health care strategic management,7,8,9,8
Health data management,9,10,11,5
Health devices,6,7,10,8
Health estate,6,6,8,13
Health facilities management,7,7,8,2
Health law in Canada,7,7,11,2
Health management technology,10,10,13,2
"Health matrix (Cleveland, Ohio : 1991)",6,6,7,2
Health physics,7,9,12,119
"Health progress (Saint Louis, Mo.)",8,10,12,20
Health promotion journal of Australia : official journal of Australian Association of Health Promotion Professionals,10,10,15,4
Health services research,12,15,18,32
Health statistics quarterly / Office for National Statistics,10,10,18,2
Healthcare benchmarks and quality improvement,6,8,10,11
Healthcare executive,6,6,13,2
Healthcare financial management : journal of the Healthcare Financial Management Association,6,8,10,48
Healthcare informatics : the business magazine for information and communication systems,7,7,8,4
Heart (British Cardiac Society),12,14,16,74
Helicobacter,13,16,17,26
Hematological oncology,11,13,15,13
Hepato-gastroenterology,11,14,17,202
"Hepatology (Baltimore, Md.)",12,15,18,215
Heredity,8,9,11,50
Herpes : the journal of the IHMF,9,9,9,1
"Hindsight (Saint Louis, Mo.)",9,9,9,1
Hinyokika kiyo. Acta urologica Japonica,8,10,13,123
Hiroshima journal of medical sciences,10,11,13,7
Histology and histopathology,12,14,16,41
History and philosophy of the life sciences,7,7,12,6
History of psychiatry,11,11,11,1
History of psychology,7,7,10,5
Homeostasis in health and disease : international journal devoted to integrative brain functions and homeostatic systems,7,7,7,1
Hormone research,10,12,16,65
"Hormones (Athens, Greece)",11,14,14,5
Hospital case management : the monthly update on hospital-based care planning and critical paths,7,8,8,3
Hospital topics,6,9,12,9
Hospitals & health networks / AHA,8,9,11,30
Human factors,8,11,13,24
Human genetics,9,12,16,153
Human pathology,10,14,17,168
Human reproduction and genetic ethics,10,10,10,1
Hypertension,12,15,19,223
IARC scientific publications,8,10,14,34
IEEE transactions on nanobioscience,8,9,11,14
IET nanobiotechnology / IET,13,13,13,1
IET systems biology,4,4,8,2
Immunity,13,18,20,61
Immunogenetics,10,12,15,78
Immunohematology / American Red Cross,9,9,11,4
Immunology,11,13,16,180
Imprint,6,6,8,2
In silico biology,8,9,11,10
"In vivo (Athens, Greece)",10,13,16,59
Indian heart journal,9,12,13,21
Indian journal of biochemistry & biophysics,8,11,15,27
Indian journal of experimental biology,7,9,13,95
Indian journal of leprosy,7,10,12,30
Indian journal of medical ethics,10,10,10,1
Indian journal of pathology & microbiology,8,10,12,61
Indian journal of physiology and pharmacology,9,10,13,44
Indian journal of public health,8,8,10,8
Infection and immunity,10,12,15,620
Infectious disease clinics of North America,3,3,3,1
Infectious diseases in obstetrics and gynecology,10,15,21,3
Influenza and other respiratory viruses,11,16,18,11
Informatics in primary care,10,10,12,8
Information processing in medical imaging : proceedings of the ... conference,11,14,15,11
"Inquiry : a journal of medical care organization, provision and financing",9,12,15,25
Insight (American Society of Ophthalmic Registered Nurses),5,5,5,3
International MS journal / MS Forum,8,8,9,2
International archives of allergy and immunology,11,14,17,71
International dental journal,12,16,19,31
International heart journal,10,12,15,12
International journal of adolescent medicine and health,11,14,16,15
International journal of aging & human development,8,11,14,35
International journal of bioinformatics research and applications,5,6,8,7
International journal of cancer. Journal international du cancer,13,15,19,436
International journal of chronic obstructive pulmonary disease,16,20,21,7
International journal of clinical pharmacology and therapeutics,12,13,17,32
International journal of computational biology and drug design,4,4,8,2
International journal of computerized dentistry,10,11,13,7
International journal of data mining and bioinformatics,5,5,5,4
International journal of emergency mental health,7,10,12,8
International journal of experimental pathology,12,14,17,25
International journal of fertility and women's medicine,12,13,15,5
International journal of health care quality assurance,10,11,15,9
"International journal of health services : planning, administration, evaluation",9,11,14,28
International journal of immunopathology and pharmacology,12,14,18,24
International journal of medical microbiology : IJMM,8,12,13,15
International journal of occupational and environmental health,9,13,16,15
International journal of occupational safety and ergonomics : JOSE,8,11,13,14
International journal of oral science,18,18,27,2
"International journal of orthodontics (Milwaukee, Wis.)",11,11,11,2
International journal of palliative nursing,8,11,15,17
International journal of pharmaceutical compounding,15,15,15,1
International journal of psychiatry in medicine,9,12,14,29
International journal of radiation biology,9,12,15,72
"International journal of radiation oncology, biology, physics",10,13,16,316
International journal of systematic and evolutionary microbiology,11,14,17,135
International journal of yoga therapy,13,13,13,1
International microbiology : the official journal of the Spanish Society for Microbiology,7,9,10,11
International surgery,9,10,14,48
"Interventional neuroradiology : journal of peritherapeutic neuroradiology, surgical procedures and related neurosciences",9,9,13,4
Intervirology,9,12,16,32
Investigative ophthalmology & visual science,12,14,18,370
Iowa medicine : journal of the Iowa Medical Society,6,6,6,1
Irish medical journal,9,13,15,35
Isis; an international review devoted to the history of science and its cultural influences,10,10,13,4
Italian heart journal. Supplement : official journal of the Italian Federation of Cardiology,5,9,12,7
Italian journal of anatomy and embryology = Archivio italiano di anatomia ed embriologia,11,12,17,12
JAAPA : official journal of the American Academy of Physician Assistants,8,9,17,3
JPMA. The Journal of the Pakistan Medical Association,9,12,15,70
JSLS : Journal of the Society of Laparoendoscopic Surgeons / Society of Laparoendoscopic Surgeons,9,11,12,30
Japan-hospitals : the journal of the Japan Hospital Association,5,5,5,2
Japanese journal of clinical oncology,11,15,17,77
Japanese journal of ophthalmology,12,14,17,53
Joint Commission journal on quality and patient safety / Joint Commission Resources,8,10,14,21
Journal (Indiana Dental Association),5,7,14,3
Journal de chirurgie,6,8,11,41
Journal de pharmacie de Belgique,4,4,5,3
Journal for healthcare quality : official publication of the National Association for Healthcare Quality,8,10,11,17
Journal of AHIMA / American Health Information Management Association,6,8,10,10
Journal of AOAC International,7,10,12,89
Journal of Asian natural products research,5,7,10,31
"Journal of Ayub Medical College, Abbottabad : JAMC",10,12,14,31
Journal of B.U.ON. : official journal of the Balkan Union of Oncology,11,14,17,27
Journal of Christian nursing : a quarterly publication of Nurses Christian Fellowship,7,7,16,2
Journal of LGBT health research,14,14,20,2
Journal of National Black Nurses' Association : JNBNA,9,10,15,9
Journal of UOEH,8,10,13,23
Journal of acquired immune deficiency syndromes,11,13,15,20
Journal of acquired immune deficiency syndromes (1999),13,15,17,82
Journal of addiction medicine,14,14,15,4
Journal of aerosol medicine : the official journal of the International Society for Aerosols in Medicine,8,10,11,11
Journal of aerosol medicine and pulmonary drug delivery,9,12,15,7
Journal of aging & social policy,9,11,12,13
Journal of aging and physical activity,15,17,19,8
Journal of agricultural safety and health,10,14,16,11
Journal of analytical toxicology,7,9,12,75
Journal of applied biomechanics,10,11,12,13
Journal of applied measurement,6,6,8,6
Journal of aquatic animal health,10,10,12,4
Journal of avian medicine and surgery,7,7,7,4
Journal of bacteriology,8,11,14,919
Journal of basic and clinical physiology and pharmacology,10,14,14,13
Journal of basic microbiology,7,9,12,35
Journal of biological regulators and homeostatic agents,11,13,14,14
Journal of biological rhythms,8,10,13,14
Journal of biomedical nanotechnology,10,12,14,16
Journal of cancer research and clinical oncology,12,15,18,86
Journal of cancer survivorship : research and practice,14,15,17,6
Journal of cardiovascular magnetic resonance : official journal of the Society for Cardiovascular Magnetic Resonance,13,14,16,16
Journal of cellular physiology,12,15,19,205
Journal of cerebral blood flow and metabolism : official journal of the International Society of Cerebral Blood Flow and Metabolism,11,14,17,95
Journal of chemical information and modeling,8,10,13,54
Journal of child sexual abuse,10,12,21,3
Journal of chromatography,6,8,11,168
Journal of chromatography. A,5,7,10,383
"Journal of chromatography. B, Analytical technologies in the biomedical and life sciences",7,9,12,156
Journal of clinical epidemiology,9,13,15,69
Journal of clinical microbiology,8,11,14,570
Journal of clinical oncology : official journal of the American Society of Clinical Oncology,13,16,19,264
Journal of clinical sleep medicine : JCSM : official publication of the American Academy of Sleep Medicine,14,16,20,12
"Journal of comparative physiology. A, Sensory, neural, and behavioral physiology",8,10,12,15
Journal of computer assisted tomography,8,10,14,131
Journal of continuing education in nursing,7,8,10,24
Journal of cosmetic science,5,7,8,10
Journal of cultural diversity,10,12,21,10
Journal of dance medicine & science : official publication of the International Association for Dance Medicine & Science,13,13,13,1
Journal of dental education,12,14,18,44
Journal of dental research,9,13,17,115
Journal of drug education,10,11,14,18
Journal of drugs in dermatology : JDD,9,13,16,33
Journal of economic entomology,7,9,11,90
Journal of elder abuse & neglect,10,10,13,4
Journal of endourology / Endourological Society,9,12,15,88
"Journal of environmental biology / Academy of Environmental Biology, India",6,7,9,32
Journal of environmental health,9,10,12,16
"Journal of environmental pathology, toxicology and oncology : official organ of the International Society for Environmental Toxicology and Cancer",9,12,14,27
Journal of environmental quality,7,9,11,67
Journal of environmental science & engineering,6,10,15,15
Journal of environmental sciences (China),6,8,10,59
Journal of epidemiology / Japan Epidemiological Association,13,15,18,21
Journal of ethnicity in substance abuse,13,14,16,5
Journal of experimental therapeutics & oncology,14,16,20,3
Journal of food protection,9,12,14,110
Journal of general microbiology,7,9,11,100
Journal of gerontological nursing,7,9,12,26
Journal of glaucoma,14,16,18,33
Journal of gravitational physiology : a journal of the International Society for Gravitational Physiology,16,16,16,1
Journal of health & life sciences law,3,3,3,1
Journal of health & social policy,15,18,18,5
Journal of health and human services administration,9,13,16,5
Journal of health and social behavior,10,12,15,15
Journal of health care chaplaincy,11,11,12,4
Journal of health care finance,7,9,20,7
Journal of health organization and management,7,10,11,7
Journal of health services research & policy,8,12,15,15
"Journal of health, population, and nutrition",12,15,16,17
Journal of healthcare information management : JHIM,9,10,12,8
Journal of healthcare management / American College of Healthcare Executives,7,9,13,8
Journal of healthcare risk management : the journal of the American Society for Healthcare Risk Management,6,10,14,7
Journal of herbal pharmacotherapy,17,17,17,1
Journal of hospital marketing & public relations,10,10,10,1
Journal of human ergology,9,9,12,7
Journal of immigrant health,15,15,15,4
Journal of immunological methods,9,12,15,245
"Journal of immunology (Baltimore, Md. : 1950)",13,16,19,1124
"Journal of insurance medicine (New York, N.Y.)",9,10,14,6
Journal of internal medicine,11,14,17,68
Journal of investigational allergology & clinical immunology,12,13,16,30
Journal of law and medicine,5,7,11,14
Journal of leukocyte biology,12,14,18,103
Journal of mass spectrometry : JMS,8,10,11,35
Journal of medical and dental sciences,16,18,21,5
Journal of medical microbiology,9,12,15,115
Journal of medical systems,7,9,10,39
Journal of medicinal chemistry,10,13,17,450
Journal of medicine,10,11,12,9
Journal of medicine and life,10,10,11,6
Journal of microbiological methods,6,10,12,60
Journal of microscopy,6,7,10,58
Journal of molecular biology,10,13,16,443
Journal of motor behavior,10,11,13,8
Journal of music therapy,6,14,16,9
Journal of nanoscience and nanotechnology,9,11,13,93
Journal of natural products,9,11,13,170
Journal of neural transmission. Supplementum,11,12,15,9
Journal of neurochemistry,12,16,20,439
Journal of neuroimmunology,11,15,18,143
"Journal of neurology, neurosurgery, and psychiatry",11,13,16,211
Journal of neuropathology and experimental neurology,12,14,18,77
Journal of neuropsychology,17,17,20,2
Journal of neurosurgery,9,12,16,297
Journal of neurosurgery. Pediatrics,11,15,20,32
Journal of neurosurgery. Spine,11,13,16,28
"Journal of nuclear medicine : official publication, Society of Nuclear Medicine",10,13,16,221
Journal of nursing measurement,12,15,19,7
Journal of nutrigenetics and nutrigenomics,7,7,22,2
Journal of nutrition for the elderly,11,11,13,8
Journal of opioid management,11,17,20,7
Journal of oral and maxillofacial surgery : official journal of the American Association of Oral and Maxillofacial Surgeons,12,16,20,110
Journal of orofacial pain,15,16,20,10
Journal of orthopaedic research : official publication of the Orthopaedic Research Society,10,13,16,124
Journal of palliative care,10,10,12,8
Journal of pediatric endocrinology & metabolism : JPEM,11,13,15,44
Journal of pediatric hematology/oncology,10,12,16,68
Journal of pediatric ophthalmology and strabismus,10,12,13,37
Journal of perioperative practice,5,7,7,8
Journal of pharmacokinetics and biopharmaceutics,7,8,11,17
Journal of physiological anthropology,11,13,15,6
Journal of physiotherapy,11,11,12,5
"Journal of plastic, reconstructive & aesthetic surgery : JPRAS",12,14,16,54
Journal of preventive medicine and hygiene,12,12,19,2
Journal of primary health care,9,13,18,7
Journal of psychoactive drugs,8,11,13,16
Journal of psychosocial nursing and mental health services,9,10,14,18
Journal of public health dentistry,11,16,20,19
"Journal of refractive surgery (Thorofare, N.J. : 1995)",12,14,15,46
Journal of registry management,3,3,9,2
Journal of research in health sciences,9,9,9,1
Journal of sport & exercise psychology,11,13,14,9
Journal of sport rehabilitation,10,11,13,6
Journal of submicroscopic cytology and pathology,8,11,15,21
Journal of surgical oncology,11,13,16,98
Journal of surgical orthopaedic advances,10,12,14,8
Journal of the Academy of Nutrition and Dietetics,14,14,22,2
Journal of the Air & Waste Management Association (1995),6,8,10,50
Journal of the American Academy of Audiology,9,12,14,35
Journal of the American Academy of Dermatology,8,11,14,183
Journal of the American College of Cardiology,12,14,17,299
Journal of the American College of Surgeons,11,14,16,71
Journal of the American Dietetic Association,10,15,18,72
Journal of the American Geriatrics Society,11,14,17,156
Journal of the American Mosquito Control Association,5,7,9,49
Journal of the American Society for Mass Spectrometry,7,9,12,61
Journal of the American Society of Nephrology : JASN,13,16,18,127
Journal of the American Veterinary Medical Association,9,11,14,186
Journal of the California Dental Association,9,13,15,23
Journal of the Egyptian National Cancer Institute,10,11,15,5
Journal of the Egyptian Society of Parasitology,9,11,14,44
Journal of the Indian Medical Association,7,10,12,62
Journal of the International Academy of Periodontology,13,13,14,4
Journal of the Irish Dental Association,10,12,14,5
Journal of the Massachusetts Dental Society,5,7,8,3
Journal of the Medical Association of Georgia,10,10,10,1
Journal of the Medical Association of Thailand = Chotmaihet thangphaet,9,12,16,173
Journal of the Mississippi State Medical Association,6,11,14,7
Journal of the National Cancer Institute,11,14,17,201
Journal of the National Medical Association,8,11,13,90
Journal of the New Jersey Dental Association,11,11,11,1
Journal of the Royal Society of Medicine,8,10,13,38
Journal of the Society for Integrative Oncology,9,9,18,2
Journal of the South African Veterinary Association,7,9,11,36
Journal of the South Carolina Medical Association (1975),7,9,11,5
Journal of the history of biology,11,11,11,1
Journal of the history of dentistry,6,6,9,4
Journal of toxicology and environmental health. Part A,11,13,18,49
"Journal of toxicology and environmental health. Part B, Critical reviews",8,9,10,3
Journal of tropical pediatrics,13,14,17,31
Journal of vascular research,12,16,19,24
Journal of vascular surgery,12,15,19,210
Journal of vector borne diseases,8,9,12,10
Journal of vestibular research : equilibrium & orientation,10,11,13,16
Journal of veterinary dentistry,9,10,12,12
"Journal of veterinary medicine. A, Physiology, pathology, clinical medicine",8,12,15,11
Journal of virology,10,13,16,844
Journal of visualized experiments : JoVE,5,7,9,58
Journal of wildlife diseases,9,12,14,98
Journal of wound care,8,13,17,22
Journal of zoo and wildlife medicine : official publication of the American Association of Zoo Veterinarians,8,11,13,45
Kaibogaku zasshi. Journal of anatomy,6,8,11,12
Kaku igaku. The Japanese journal of nuclear medicine,7,11,14,34
Kekkaku : [Tuberculosis],7,9,11,28
Kennedy Institute of Ethics journal,10,10,15,4
Kentucky nurse,16,16,16,1
Khirurgiia,10,12,15,82
Klinicheskaia khirurgiia,8,11,13,39
Klinicheskaia laboratornaia diagnostika,6,9,11,42
Klinicheskaia meditsina,9,11,14,69
Klinika oczna,10,12,14,34
Kyobu geka. The Japanese journal of thoracic surgery,8,10,11,133
La Medicina del lavoro,7,11,15,22
La Pediatria medica e chirurgica : Medical and surgical pediatrics,8,10,12,34
La Radiologia medica,8,11,14,99
La Revue du praticien,4,7,12,47
Laboratory investigation; a journal of technical methods and pathology,10,13,17,115
Lancet,11,14,16,336
Langmuir : the ACS journal of surfaces and colloids,6,8,11,213
Learning & behavior,9,11,12,9
Leprosy review,9,11,13,15
Leukemia,11,15,18,135
Leukemia research,11,14,17,103
Life sciences,11,14,16,401
Local population studies,10,10,10,1
Luzifer-Amor : Zeitschrift zur Geschichte der Psychoanalyse,8,8,8,2
Lymphology,8,11,14,15
MGMA connexion / Medical group Management Association,5,6,7,5
MLO: medical laboratory observer,6,9,9,7
MMW Fortschritte der Medizin,7,9,11,19
MMWR. Morbidity and mortality weekly report,8,10,13,88
MMWR. Recommendations and reports : Morbidity and mortality weekly report. Recommendations and reports / Centers for Disease Control,6,11,16,11
Malaria journal,13,16,19,66
Malawi medical journal : the journal of Medical Association of Malawi,17,17,17,1
Malaysian journal of nutrition,13,13,14,2
"Managed care (Langhorne, Pa.)",6,6,6,1
Marketing health services,5,14,15,3
Masui. The Japanese journal of anesthesiology,9,10,13,132
Materials management in health care,8,8,8,1
MedGenMed : Medscape general medicine,9,10,11,5
Medical anthropology quarterly,9,12,15,8
Medical care,12,15,18,110
Medical device technology,5,7,9,22
Medical economics,7,7,8,2
Medical image computing and computer-assisted intervention : MICCAI ... International Conference on Medical Image Computing and Computer-Assisted Intervention,11,12,14,55
Medical informatics and the Internet in medicine,13,13,13,1
Medical physics,7,9,12,201
Medical problems of performing artists,15,15,15,4
Medicine,15,16,21,16
"Medicine and health, Rhode Island",4,4,8,2
Medicine and law,7,8,11,36
"Medicine, conflict, and survival",6,11,14,7
"Medicine, science, and the law",8,11,13,24
Medicinski arhiv,5,7,9,43
Medicinski pregled,6,8,10,46
Meditsina truda i promyshlennaia ekologiia,9,10,13,42
Meditsinskaia parazitologiia i parazitarnye bolezni,8,10,14,33
Meditsinskaia tekhnika,4,6,8,49
Medizinhistorisches Journal,10,10,10,1
Medsurg nursing : official journal of the Academy of Medical-Surgical Nurses,8,10,14,10
Medycyna pracy,9,12,15,55
Medycyna wieku rozwojowego,11,14,18,19
Mental retardation,8,9,11,7
Metabolism: clinical and experimental,12,14,17,172
Metal ions in life sciences,7,7,7,1
Methods in molecular medicine,7,10,12,13
Microbial cell factories,7,10,11,11
Microbial ecology,9,12,13,38
Microbiological research,9,11,14,21
"Microbiology (Reading, England)",10,12,16,155
Midwifery today with international midwife,8,8,8,1
Mikrobiologiia,5,7,9,70
Military medicine,10,12,14,106
Minnesota medicine,7,9,13,9
Missouri medicine,7,8,13,10
Modern healthcare,6,7,10,34
Molecular & cellular biomechanics : MCB,9,9,10,4
Molecular & general genetics : MGG,8,11,14,170
Molecular and biochemical parasitology,10,12,15,95
Molecular and cellular biology,13,16,20,438
Molecular cancer,13,18,22,26
Molecular carcinogenesis,13,15,20,54
Molecular cell,12,16,20,96
Molecular ecology,10,12,15,103
Molecular genetics and genomics : MGG,10,13,16,25
Molecular immunology,11,13,16,124
Molecular pharmacology,12,14,17,190
Molecular phylogenetics and evolution,9,11,14,96
Molecular vision,14,18,20,59
Molekuliarnaia biologiia,8,10,12,75
"Molekuliarnaia genetika, mikrobiologiia i virusologiia",7,9,9,17
Monash bioethics review,2,2,2,1
"Morbidity and mortality weekly report. Surveillance summaries (Washington, D.C. : 2002)",13,13,17,4
Motor control,10,12,14,5
Muscle & nerve,11,14,16,122
Mycologia,7,9,12,34
Mycological research,5,8,10,23
NASN school nurse (Print),7,7,10,2
Nagoya journal of medical science,6,9,14,14
National health statistics reports,11,11,11,2
"National vital statistics reports : from the Centers for Disease Control and Prevention, National Center for Health Statistics, National Vital Statistics System",7,9,16,3
Natural product communications,6,8,10,36
Nature,10,13,16,442
Nature cell biology,13,18,22,45
Nature chemical biology,8,9,14,13
Nature chemistry,8,10,12,9
Nature clinical practice. Cardiovascular medicine,8,10,12,6
Nature clinical practice. Gastroenterology & hepatology,14,14,14,1
Nature clinical practice. Nephrology,12,16,16,3
Nature clinical practice. Rheumatology,10,10,12,2
Nature genetics,12,16,20,96
Nature immunology,13,16,19,44
Nature materials,6,6,12,12
Nature medicine,12,15,19,57
Nature methods,9,12,14,23
Nature nanotechnology,5,6,8,6
Nature neuroscience,11,15,19,53
Nature reviews. Cancer,9,9,10,4
Nature reviews. Drug discovery,5,5,16,2
Nature reviews. Genetics,10,10,14,2
Nature reviews. Immunology,10,10,13,5
Nature reviews. Microbiology,8,8,13,4
Nature reviews. Molecular cell biology,8,8,10,2
Nature reviews. Neuroscience,8,8,8,1
Nature structural & molecular biology,10,13,16,33
Nebraska Symposium on Motivation. Nebraska Symposium on Motivation,17,17,17,1
Nederlands tijdschrift voor geneeskunde,8,11,14,141
Nederlands tijdschrift voor tandheelkunde,6,8,11,34
Nepal Medical College journal : NMCJ,10,11,13,14
Nephrology news & issues,10,10,10,4
Nephrology nursing journal : journal of the American Nephrology Nurses' Association,10,10,19,8
Neuro endocrinology letters,12,14,17,38
Neurologia i neurochirurgia polska,10,12,14,61
Neurology,10,13,17,388
Neuron,12,16,20,115
New Zealand veterinary journal,11,11,13,4
Newsweek,10,10,11,2
Nigerian journal of clinical practice,11,14,16,23
Nigerian journal of medicine : journal of the National Association of Resident Doctors of Nigeria,10,14,19,22
Nigerian quarterly journal of hospital medicine,14,15,19,6
Nihon Geka Gakkai zasshi,8,10,13,62
Nihon Hoshasen Gijutsu Gakkai zasshi,5,7,10,25
Nihon Jibiinkoka Gakkai kaiho,8,9,11,42
Nihon Jinzo Gakkai shi,9,12,13,30
Nihon ishigaku zasshi. [Journal of Japanese history of medicine],3,5,12,3
Nihon rinsho. Japanese journal of clinical medicine,5,7,9,33
Nihon seirigaku zasshi. Journal of the Physiological Society of Japan,10,10,13,2
Nihon shinkei seishin yakurigaku zasshi = Japanese journal of psychopharmacology,6,6,9,4
Nihon yakurigaku zasshi. Folia pharmacologica Japonica,12,14,16,48
Nippon Ganka Gakkai zasshi,8,10,11,60
No shinkei geka. Neurological surgery,9,11,13,84
No to hattatsu. Brain and development,8,10,12,36
North Carolina medical journal,10,10,15,7
Northwest dentistry,4,4,4,1
Novartis Foundation symposium,12,15,20,5
Nucleic acids research,9,11,14,778
Nuncius / Istituto e museo di storia della scienza,7,7,7,2
Nurse researcher,4,4,5,8
Nursing children and young people,6,8,8,3
Nursing economic$,6,7,7,12
Nursing education perspectives,10,13,14,12
"Nursing management (Harrow, London, England : 1994)",7,8,8,8
Nursing older people,5,8,9,9
Nursing praxis in New Zealand inc,9,9,9,4
Nursing research,9,11,15,40
Nursing standard (Royal College of Nursing (Great Britain) : 1987),6,7,10,93
Nursing times,7,8,10,51
Nutrition and health,9,13,16,7
Nutrition journal,18,20,22,16
Nutrition reviews,7,12,12,3
OR manager,4,4,4,1
ORL-head and neck nursing : official journal of the Society of Otorhinolaryngology and Head-Neck Nurses,18,18,18,1
Obesity reviews : an official journal of the International Association for the Study of Obesity,13,13,13,1
Obstetrics and gynecology,9,12,14,314
Occasional paper (Royal College of General Practitioners),14,14,14,1
Occupational and environmental medicine,13,16,18,69
"Occupational health & safety (Waco, Tex.)",5,6,10,3
Odonto-stomatologie tropicale = Tropical dental journal,12,13,17,16
"Oftalmologia (Bucharest, Romania : 1990)",8,11,13,28
Okajimas folia anatomica Japonica,7,8,11,15
Omega,12,12,13,5
Oncogene,13,17,20,320
Oncology,12,14,17,88
"Oncology (Williston Park, N.Y.)",7,8,14,13
Oncology research,10,14,17,18
Ontogenez,8,11,14,43
Operative dentistry,12,16,20,31
Ophthalmic epidemiology,14,15,17,12
Ophthalmic genetics,11,11,14,8
Ophthalmic plastic and reconstructive surgery,8,10,13,50
Ophthalmic research,10,12,14,42
"Ophthalmic surgery, lasers & imaging : the official journal of the International Society for Imaging in the Eye",10,12,15,37
Ophthalmology,11,14,18,233
Oral health & preventive dentistry,11,13,20,6
Oral health and dental management,10,10,16,2
Organic letters,6,7,8,304
Orvosi hetilap,9,12,15,73
Osaka city medical journal,17,17,17,1
Otolaryngologia polska. The Polish otolaryngology,8,10,13,69
Otolaryngology--head and neck surgery : official journal of American Academy of Otolaryngology-Head and Neck Surgery,10,12,16,118
PDA journal of pharmaceutical science and technology / PDA,3,6,12,18
Pacific Symposium on Biocomputing. Pacific Symposium on Biocomputing,8,11,13,18
Paediatric nursing,9,9,16,5
Pakistan journal of biological sciences: PJBS,7,10,13,58
Pakistan journal of pharmaceutical sciences,8,11,15,27
Papua and New Guinea medical journal,8,12,17,13
"Parasite (Paris, France)",8,11,14,26
Parasite immunology,10,13,16,54
Parassitologia,8,9,11,18
Parazitologiia,5,7,11,42
Particle and fibre toxicology,16,17,20,3
"Pathobiology : journal of immunopathology, molecular and cellular biology",12,17,19,22
Pathologica,10,12,13,18
Pathophysiology of haemostasis and thrombosis,11,12,14,8
Pediatric and developmental pathology : the official journal of the Society for Pediatric Pathology and the Paediatric Pathology Society,9,11,15,23
Pediatric annals,7,10,15,3
Pediatric blood & cancer,12,14,17,84
Pediatric clinics of North America,8,10,16,10
Pediatric dentistry,10,15,20,34
Pediatric endocrinology reviews : PER,9,9,15,4
"Pediatric endocrinology, diabetes, and metabolism",13,13,14,4
Pediatric nursing,8,10,16,23
Pediatric research,10,12,15,189
Pediatrics,11,13,16,317
Pediatrics and neonatology,10,13,13,3
Perception & psychophysics,8,9,11,52
Perceptual and motor skills,8,10,12,191
Perspectives in public health,8,8,10,2
Pflege,7,9,11,16
Pflege Zeitschrift,15,15,15,1
Pharmaceutical historian,8,8,8,1
Pharmeuropa bio & scientific notes,9,12,18,3
"Pharmeuropa bio / the Biological Standardisation Programme, EDQM",6,6,6,1
Pharmeuropa scientific notes,12,12,12,2
Physical review letters,5,6,8,84
Physical therapy,9,12,15,75
Physician executive,6,7,10,26
Physiologia plantarum,12,15,18,24
Physiological chemistry and physics and medical NMR,9,12,12,8
Physis; rivista internazionale di storia della scienza,9,9,12,2
Plant molecular biology,10,14,18,115
Plastic and reconstructive surgery,8,12,15,253
"Pneumologia (Bucharest, Romania)",11,13,17,7
Polimery w medycynie,7,10,13,11
Polish journal of pathology : official journal of the Polish Society of Pathologists,9,13,17,14
Polish journal of veterinary sciences,7,11,13,14
Polski merkuriusz lekarski : organ Polskiego Towarzystwa Lekarskiego,10,11,14,66
Population trends,7,8,11,3
Positively aware : the monthly journal of the Test Positive Aware Network,9,10,13,6
Postepy biochemii,3,3,3,1
Postgraduate medicine,7,10,13,67
Poultry science,9,11,13,249
Practical procedures & aesthetic dentistry : PPAD,16,16,19,7
Prague medical report,7,10,12,7
Praxis,9,11,14,42
Praxis der Kinderpsychologie und Kinderpsychiatrie,12,14,16,12
Prescrire international,7,7,12,11
Prikladnaia biokhimiia i mikrobiologiia,6,8,9,50
Primary dental care : journal of the Faculty of General Dental Practitioners (UK),10,10,15,6
"Proceedings of the Institution of Mechanical Engineers. Part H, Journal of engineering in medicine",10,11,14,22
Proceedings of the National Academy of Sciences of the United States of America,10,13,16,2077
"Proceedings of the Royal Society of London. Series B, Containing papers of a Biological character. Royal Society (Great Britain)",8,9,11,16
Proceedings of the Western Pharmacology Society,10,11,14,6
Profiles in healthcare communications,8,8,8,1
Progress in cardiovascular diseases,10,10,14,4
Progress in retinal and eye research,12,12,12,1
"Progress in transplantation (Aliso Viejo, Calif.)",7,10,16,18
Project Inform perspective,6,6,8,2
Psychiatria Danubina,10,12,16,9
Psychiatria polska,10,13,15,23
Psychiatric rehabilitation journal,8,11,15,12
Psychiatry research,12,14,16,174
Psychoanalytic review,9,9,16,4
Psychological reports,8,10,13,144
Psychological review,8,9,12,14
Psychological services,10,10,15,2
"Public health reports (Washington, D.C. : 1974)",9,14,17,71
"Public understanding of science (Bristol, England)",12,12,12,1
Puerto Rico health sciences journal,9,11,14,12
Quality in primary care,8,11,16,7
Quality management in health care,7,9,15,10
RN,3,8,9,3
"RNA (New York, N.Y.)",10,13,16,80
Radiation research,9,12,14,135
Radiologic clinics of North America,9,12,16,13
Radiology,8,11,14,467
Radiology management,6,7,10,18
"Recent developments in alcoholism : an official publication of the American Medical Society on Alcoholism, the Research Society on Alcoholism, and the National Council on Alcoholism",11,12,13,5
Recent patents on CNS drug discovery,10,10,10,1
Recent patents on cardiovascular drug discovery,5,5,5,1
Recenti progressi in medicina,8,11,15,25
Recherche en soins infirmiers,3,5,10,7
Rehab management,7,7,7,1
Rehabilitation nursing : the official journal of the Association of Rehabilitation Nurses,8,13,16,19
Reproductive biology and endocrinology : RB&E,13,15,16,28
Research and theory for nursing practice,13,13,17,2
Research communications in molecular pathology and pharmacology,12,13,17,21
Research in gerontological nursing,11,11,11,4
Research in nursing & health,12,14,17,29
Research quarterly for exercise and sport,9,10,11,27
Research report (Health Effects Institute),11,13,20,6
Respiratory care,9,13,16,31
"Retina (Philadelphia, Pa.)",13,16,19,70
Retrovirology,9,10,17,11
Reumatizam,10,10,14,2
Reviews in the neurosciences,11,11,11,1
Reviews on environmental health,6,6,6,1
"Revista alergia Mexico (Tecamachalco, Puebla, Mexico : 1993)",11,14,17,9
Revista cubana de medicina tropical,5,7,10,32
Revista da Escola de Enfermagem da U S P,5,6,9,37
Revista de medicina de la Universidad de Navarra,9,15,15,3
Revue d'histoire de la pharmacie,6,6,8,5
Revue de laryngologie - otologie - rhinologie,7,9,14,24
Revue neurologique,9,11,13,69
Revue scientifique et technique (International Office of Epizootics),8,11,11,17
Rhinology,10,12,15,24
Rinsho byori. The Japanese journal of clinical pathology,6,8,10,55
Rivista di psichiatria,5,5,5,1
Roumanian archives of microbiology and immunology,6,8,9,10
Rural and remote health,12,15,19,19
SAAD digest,22,22,27,2
SADJ : journal of the South African Dental Association = tydskrif van die Suid-Afrikaanse Tandheelkundige Vereniging,9,11,14,12
"Sarcoidosis, vasculitis, and diffuse lung diseases : official journal of WASOG / World Association of Sarcoidosis and Other Granulomatous Disorders",10,10,15,4
"Saudi journal of kidney diseases and transplantation : an official publication of the Saudi Center for Organ Transplantation, Saudi Arabia",12,14,16,28
Scandinavian journal of gastroenterology. Supplement,7,8,12,30
Scandinavian journal of immunology,11,14,17,134
Scandinavian journal of primary health care,11,13,16,30
Scandinavian journal of public health,13,15,17,23
Scandinavian journal of rheumatology,10,13,15,50
Scandinavian journal of rheumatology. Supplement,11,12,14,8
Scandinavian journal of surgery : SJS : official organ for the Finnish Surgical Society and the Scandinavian Surgical Society,13,15,19,11
"Science & practice perspectives / a publication of the National Institute on Drug Abuse, National Institutes of Health",8,8,8,1
"Science (New York, N.Y.)",9,12,17,662
Science progress,3,3,3,1
Scientia canadensis,10,10,10,1
Scientific American,9,10,17,3
Seishin shinkeigaku zasshi = Psychiatria et neurologia Japonica,7,10,13,11
Seminars in diagnostic pathology,10,10,14,5
Seminars in oncology,11,14,16,28
Seminars in ophthalmology,12,14,17,7
"Seminars in ultrasound, CT, and MR",8,13,15,3
"Servir (Lisbon, Portugal)",4,4,4,1
Sexually transmitted infections,10,14,15,27
Shinrigaku kenkyu : The Japanese journal of psychology,8,9,10,36
Singapore dental journal,10,10,14,4
Skinmed,6,8,10,8
Sleep,11,13,15,83
Social biology,10,11,13,10
Social history of medicine : the journal of the Society for the Social History of Medicine / SSHM,5,5,5,1
Social security bulletin,10,12,13,12
Social studies of science,2,4,5,3
Social work,9,10,13,16
Society of Reproduction and Fertility supplement,10,10,17,2
Soins. Psychiatrie,9,12,13,5
South African journal of surgery. Suid-Afrikaanse tydskrif vir chirurgie,7,8,10,9
"South Carolina nurse (Columbia, S.C. : 1994)",6,6,6,1
South Dakota medicine : the journal of the South Dakota State Medical Association,11,11,11,2
Southern medical journal,8,11,13,217
Sports biomechanics / International Society of Biomechanics in Sports,10,11,12,10
Srpski arhiv za celokupno lekarstvo,6,8,11,50
Stapp car crash journal,12,12,13,4
Stem cells translational medicine,11,17,25,5
"Stress (Amsterdam, Netherlands)",14,16,17,11
Stroke; a journal of cerebral circulation,12,15,18,269
Studies in family planning,11,13,16,26
Studies in health technology and informatics,6,7,10,171
Sudebno-meditsinskaia ekspertiza,6,8,10,31
Sudhoffs Archiv,8,9,10,3
Suicide & life-threatening behavior,11,13,16,22
Surgery,11,13,16,201
"Surgery, gynecology & obstetrics",9,11,15,68
Surgical infections,12,14,19,11
Surgical neurology,8,11,14,100
Survey of ophthalmology,9,11,13,15
Swedish dental journal,9,12,16,15
Swedish dental journal. Supplement,8,14,15,3
Systematic parasitology,7,8,9,16
Tanzania journal of health research,15,15,17,2
Tennessee medicine : journal of the Tennessee Medical Association,8,8,11,4
Texas dental journal,12,12,14,4
Texas medicine,6,8,11,11
"The ABNF journal : official journal of the Association of Black Nursing Faculty in Higher Education, Inc",9,12,19,12
The AIDS reader,6,6,8,2
The Alpha omegan,4,5,7,3
The American Journal of dermatopathology,11,14,17,54
The American journal of bioethics : AJOB,10,14,17,9
The American journal of cardiology,12,14,17,457
The American journal of clinical hypnosis,7,7,13,6
The American journal of clinical nutrition,12,14,18,246
The American journal of drug and alcohol abuse,11,13,15,43
The American journal of emergency medicine,9,12,15,101
The American journal of gastroenterology,11,14,17,200
The American journal of medicine,10,13,16,188
The American journal of nursing,6,8,13,13
The American journal of occupational therapy : official publication of the American Occupational Therapy Association,8,10,13,54
The American journal of physiology,11,14,16,907
The American journal of psychiatry,11,14,17,172
The American journal of psychology,7,9,12,17
The American journal of surgical pathology,11,13,17,114
The American journal of the medical sciences,8,11,14,79
The American journal of tropical medicine and hygiene,10,13,16,240
The American surgeon,9,12,15,148
"The Annals of otology, rhinology & laryngology. Supplement",8,9,14,18
"The Annals of otology, rhinology, and laryngology",10,12,15,125
The Annals of thoracic surgery,9,12,16,490
The Australian and New Zealand journal of surgery,8,11,15,74
The Australian journal of advanced nursing : a quarterly publication of the Royal Australian Nursing Federation,6,8,13,8
The Australian journal of holistic nursing,8,8,8,1
The Biochemical journal,11,13,17,774
The Biological bulletin,7,8,11,18
The British journal of developmental psychology,17,18,18,7
The British journal of educational psychology,11,13,15,17
The British journal of nutrition,12,15,18,180
The British journal of ophthalmology,10,13,15,179
The British journal of radiology,9,10,13,139
The British journal of surgery,10,13,15,176
The Canadian journal of cardiology,10,12,15,57
The Canadian journal of clinical pharmacology = Journal canadien de pharmacologie clinique,10,10,12,4
The Canadian journal of neurological sciences. Le journal canadien des sciences neurologiques,9,12,14,49
The Canadian nurse,6,7,12,8
The Central African journal of medicine,13,14,17,27
The Ceylon medical journal,8,9,14,9
The Chinese journal of dental research : the official journal of the Scientific Section of the Chinese Stomatological Association (CSA),16,17,20,5
The Chinese journal of physiology,9,13,14,15
The Cochrane database of systematic reviews,8,8,8,1
The Consultant pharmacist : the journal of the American Society of Consultant Pharmacists,9,11,13,7
The EMBO journal,12,15,18,309
The Egyptian journal of immunology / Egyptian Association of Immunologists,14,17,18,5
The European journal of esthetic dentistry : official journal of the European Academy of Esthetic Dentistry,17,17,25,2
The European journal of prosthodontics and restorative dentistry,12,13,16,13
The FEBS journal,11,14,18,96
"The Future of children / Center for the Future of Children, the David and Lucile Packard Foundation",9,12,16,3
The Hastings Center report,8,10,12,18
The Indian journal of chest diseases & allied sciences,7,9,16,11
The Indian journal of tuberculosis,8,10,15,7
The International journal of biochemistry,9,11,15,45
The International journal of orofacial myology : official publication of the International Association of Orofacial Myology,10,10,16,2
The International journal of pharmacy practice,12,13,14,5
The International journal of prosthodontics,10,14,17,43
The Israel Medical Association journal : IMAJ,11,13,16,33
The Israel journal of psychiatry and related sciences,10,11,12,8
The Italian journal of biochemistry,9,12,14,11
The Japanese journal of antibiotics,10,12,14,98
The Japanese journal of veterinary research,7,8,11,3
The Joint Commission journal on quality improvement,15,15,15,4
The Journal of allergy and clinical immunology,12,14,17,199
The Journal of antibiotics,7,10,12,111
The Journal of antimicrobial chemotherapy,9,12,14,195
The Journal of applied psychology,8,10,12,47
The Journal of asthma : official journal of the Association for the Care of Asthma,12,14,18,50
The Journal of biological chemistry,12,15,18,3174
The Journal of bone and joint surgery. American volume,11,13,16,168
The Journal of bone and joint surgery. British volume,10,13,15,135
The Journal of cell biology,11,14,18,371
The Journal of clinical dentistry,6,10,13,5
The Journal of clinical endocrinology and metabolism,12,14,17,443
The Journal of clinical ethics,9,9,9,1
The Journal of clinical investigation,12,15,19,440
The Journal of clinical pediatric dentistry,10,11,16,36
The Journal of clinical psychiatry,12,15,18,119
The Journal of communicable diseases,8,12,15,20
The Journal of contemporary health law and policy,8,8,13,2
The Journal of experimental medicine,11,14,17,356
The Journal of experimental zoology,9,11,14,71
The Journal of extra-corporeal technology,12,12,15,10
The Journal of family practice,8,11,13,71
The Journal of general and applied microbiology,7,8,12,8
The Journal of general psychology,8,9,11,20
The Journal of general virology,10,12,15,283
The Journal of genetic psychology,10,12,16,18
The Journal of health administration education,7,7,9,6
The Journal of heart valve disease,12,15,22,50
The Journal of infectious diseases,11,13,17,363
The Journal of international medical research,11,13,15,74
The Journal of investigative dermatology,10,13,16,204
The Journal of medical practice management : MPM,7,7,9,28
The Journal of microwave power and electromagnetic energy : a publication of the International Microwave Power Institute,7,8,12,5
The Journal of nervous and mental disease,12,14,18,80
The Journal of neuroscience : the official journal of the Society for Neuroscience,12,16,20,667
The Journal of neuroscience nursing : journal of the American Association of Neuroscience Nurses,7,9,15,21
The Journal of nursing administration,8,11,13,61
The Journal of nursing education,8,10,14,41
The Journal of nutrition,11,14,17,232
The Journal of oral implantology,11,12,18,14
The Journal of parasitology,8,11,14,159
The Journal of pathology,12,15,19,110
The Journal of pediatrics,11,13,16,268
The Journal of pharmacology and experimental therapeutics,12,15,17,466
The Journal of practical nursing,17,17,17,1
The Journal of psychology,10,11,13,40
The Journal of reproduction and development,12,14,18,22
The Journal of reproductive medicine,9,11,14,136
The Journal of small animal practice,9,11,13,41
The Journal of social psychology,11,14,16,25
The Journal of steroid biochemistry and molecular biology,10,13,17,102
The Journal of surgical research,11,14,16,178
The Journal of the American College of Dentists,6,11,14,7
The Journal of the Arkansas Medical Society,9,10,11,5
The Journal of the Association of Physicians of India,9,11,13,58
The Journal of the Kentucky Medical Association,8,8,15,4
The Journal of the Louisiana State Medical Society : official organ of the Louisiana State Medical Society,8,9,13,26
The Journal of the Michigan Dental Association,10,10,10,1
The Journal of the New York State Nurses' Association,10,10,10,1
The Journal of the Oklahoma State Medical Association,8,10,13,20
The Journal of the Tennessee Dental Association,7,7,11,2
The Journal of thoracic and cardiovascular surgery,11,14,18,249
The Journal of trauma,10,14,17,228
The Journal of urology,9,11,14,571
The Journal of veterinary medical science / the Japanese Society of Veterinary Science,10,11,14,142
The Kansas nurse,5,5,5,1
The Korean journal of internal medicine,9,11,14,20
The Korean journal of parasitology,8,11,13,25
The Laryngoscope,10,13,16,257
The Malaysian journal of pathology,9,13,14,9
The Medical clinics of North America,5,7,9,7
The Medical journal of Australia,9,11,15,195
The Medical journal of Malaysia,9,12,13,55
The Medical letter on drugs and therapeutics,7,7,8,4
The Medico-legal journal,4,4,5,2
The Milbank quarterly,15,15,18,6
The National medical journal of India,8,12,14,20
The Neurodiagnostic journal,6,6,6,1
The New England journal of medicine,13,15,17,208
The New York state dental journal,8,8,13,14
The New Zealand dental journal,9,14,23,3
The New Zealand medical journal,10,12,15,99
The Nursing clinics of North America,10,13,16,18
The Nursing journal of India,5,5,10,2
The Onderstepoort journal of veterinary research,7,9,12,39
The Orthopedic clinics of North America,7,8,11,13
The Penn dental journal,7,7,7,1
The Pharos of Alpha Omega Alpha-Honor Medical Society. Alpha Omega Alpha,10,10,10,1
The Physiologist,5,5,5,1
The Prostate,11,14,17,75
The Psychoanalytic quarterly,7,11,14,22
The Psychoanalytic study of the child,6,11,12,7
The South African journal of communication disorders. Die Suid-Afrikaanse tydskrif vir Kommunikasieafwykings,9,9,11,4
The Southeast Asian journal of tropical medicine and public health,10,12,16,128
The Spanish journal of psychology,10,11,14,12
The Surgical clinics of North America,8,10,12,20
The Turkish journal of pediatrics,8,10,13,44
The Urologic clinics of North America,7,8,11,18
The Veterinary clinics of North America. Food animal practice,6,6,15,2
The Veterinary record,9,11,13,132
The West Indian medical journal,10,13,16,26
The West Virginia medical journal,9,10,13,16
The aging male : the official journal of the International Society for the Study of the Aging Male,13,13,19,2
The international journal of occupational and environmental medicine,22,22,22,1
The international tinnitus journal,14,15,17,5
The journal of adhesive dentistry,15,19,24,21
The journal of evidence-based dental practice,3,4,4,3
The journal of family health care,9,11,14,6
The journal of histochemistry and cytochemistry : official journal of the Histochemistry Society,10,12,16,121
"The journal of investigative dermatology. Symposium proceedings / the Society for Investigative Dermatology, Inc. [and] European Society for Dermatological Research",12,12,14,4
The journal of knee surgery,8,12,14,8
The journal of mental health policy and economics,17,17,17,4
The journal of pastoral care & counseling : JPCC,7,10,17,9
The journal of physical chemistry. B,6,8,10,237
The journal of physician assistant education : the official journal of the Physician Assistant Education Association,6,6,6,1
The journal of spinal cord medicine,14,15,17,21
The journal of supportive oncology,9,16,30,3
The journal of the Royal College of Physicians of Edinburgh,5,8,15,3
The journal of the Royal Society for the Promotion of Health,13,15,15,3
The journal of trauma and acute care surgery,12,16,19,20
"The journals of gerontology. Series A, Biological sciences and medical sciences",12,14,17,54
"The journals of gerontology. Series B, Psychological sciences and social sciences",12,14,18,36
The new microbiologica,8,11,14,22
The patient,16,17,20,5
The practising midwife,13,14,18,6
Therapeutic advances in cardiovascular disease,19,19,21,4
Therapeutic advances in respiratory disease,12,12,17,2
Therapeutic delivery,7,7,18,2
Theriaca,5,5,8,2
Thoracic surgery clinics,7,9,11,3
Thorax,10,12,15,140
Tijdschrift voor diergeneeskunde,7,9,13,50
Tijdschrift voor gerontologie en geriatrie,8,11,14,9
Tijdschrift voor psychiatrie,8,10,13,14
Tissue engineering,11,14,16,25
Topics in stroke rehabilitation,10,13,15,7
Toxicology,11,14,17,139
Toxicology letters,11,12,16,156
Traffic injury prevention,11,14,15,13
Transactions of the American Ophthalmological Society,12,14,18,19
Transfusion,9,12,14,144
Translational research : the journal of laboratory and clinical medicine,16,18,21,6
Transplantation,11,14,17,352
TreatmentUpdate,12,12,12,1
Trends in cell biology,4,5,11,3
Trends in genetics : TIG,5,7,9,15
Trends in microbiology,7,7,10,5
Trials,12,17,20,19
Tropical doctor,7,10,13,26
Tropical gastroenterology : official journal of the Digestive Diseases Foundation,9,12,13,20
Tropical medicine & international health : TM & IH,13,15,17,53
Trustee : the journal for hospital governing boards,6,7,9,22
Tsitologiia,9,11,14,105
Tumori,10,13,16,102
Tumour biology : the journal of the International Society for Oncodevelopmental Biology and Medicine,10,13,16,64
U.S. Army Medical Department journal,6,6,6,1
U.S. news & world report,13,13,16,2
Ugeskrift for laeger,8,9,12,188
Ultrasonic imaging,6,9,10,13
Ultrasonics,6,8,11,27
Ultrastructural pathology,8,11,14,33
Ulusal travma ve acil cerrahi dergisi = Turkish journal of trauma & emergency surgery : TJTES,11,12,14,16
"Undersea & hyperbaric medicine : journal of the Undersea and Hyperbaric Medical Society, Inc",11,14,18,17
Urologic nursing,9,10,13,8
Urology,8,10,13,308
Uspekhi fiziologicheskikh nauk,7,8,10,3
Value in health : the journal of the International Society for Pharmacoeconomics and Outcomes Research,11,15,17,23
Vascular health and risk management,14,16,20,6
Versicherungsmedizin / herausgegeben von Verband der Lebensversicherungs-Unternehmen e.V. und Verband der Privaten Krankenversicherung e.V,8,9,13,13
Vesalius : acta internationales historiae medicinae,7,7,10,2
Vestnik khirurgii imeni I. I. Grekova,9,12,13,157
Vestnik oftalmologii,9,11,14,38
Vestnik otorinolaringologii,8,10,12,33
Vestnik rentgenologii i radiologii,10,12,17,24
Veterinary heritage : bulletin of the American Veterinary History Society,8,8,8,1
"Veterinary journal (London, England : 1997)",10,11,13,48
Veterinary radiology & ultrasound : the official journal of the American College of Veterinary Radiology and the International Veterinary Radiology Association,8,9,12,33
Veterinary therapeutics : research in applied veterinary medicine,12,13,14,8
Violence and victims,12,16,18,23
Viral immunology,12,16,17,19
Virchows Archiv : an international journal of pathology,11,14,16,71
Virology,11,13,16,346
"Vital and health statistics. Ser. 1, Programs and collection procedures",14,14,14,1
"Vital and health statistics. Series 10, Data from the National Health Survey",15,15,21,2
"Vital and health statistics. Series 11, Data from the national health survey",11,11,18,2
"Vital and health statistics. Series 2, Data evaluation and methods research",20,20,20,1
"Vital and health statistics. Series 23, Data from the National Survey of Family Growth",11,11,11,1
Vojnosanitetski pregled. Military-medical and pharmaceutical review,7,9,10,45
Voprosy onkologii,10,12,15,99
Voprosy pitaniia,10,11,12,60
Voprosy virusologii,8,11,13,73
WMJ : official publication of the State Medical Society of Wisconsin,9,10,11,5
Water environment research : a research publication of the Water Environment Federation,7,9,12,22
Water science and technology : a journal of the International Association on Water Pollution Research,7,9,11,184
Wilderness & environmental medicine,11,13,15,16
Women & health,14,15,17,26
Workplace health & safety,9,9,13,6
World Health Organization technical report series,9,9,10,5
World health & population,15,15,19,2
World hospitals and health services : the official journal of the International Hospital Federation,7,9,11,11
World journal of orthodontics,18,20,20,6
World neurosurgery,16,18,20,12
"Yeast (Chichester, England)",8,11,16,51
Zebrafish,8,8,9,6
Zhen ci yan jiu = Acupuncture research / [Zhongguo yi xue ke xue yuan Yi xue qing bao yan jiu suo bian ji],10,11,13,16
Zhongguo dang dai er ke za zhi = Chinese journal of contemporary pediatrics,8,10,12,24
Zhongguo gu shang = China journal of orthopaedics and traumatology,9,11,12,30
Zhongguo xue xi chong bing fang zhi za zhi = Chinese journal of schistosomiasis control,7,9,11,14
Zhongguo yi miao he mian yi,9,9,10,4
Zhongguo zhen jiu = Chinese acupuncture & moxibustion,9,10,11,44
"Zhurnal mikrobiologii, epidemiologii, i immunobiologii",8,11,14,155
[Hokkaido igaku zasshi] The Hokkaido journal of medical science,10,11,14,40
